bin_low,bin_high,n,mean_predicted,mean_observed
0.0,0.1,1186226,0.011314855888485909,0.018250316550134628
0.1,0.2,17799,0.13265924155712128,0.1587167818416765
0.2,0.30000000000000004,2798,0.23773682117462158,0.30879199428162973
0.30000000000000004,0.4,887,0.34282785654067993,0.5772266065388951
0.4,0.5,411,0.44314196705818176,0.7104622871046229
0.5,0.6000000000000001,106,0.5330221056938171,0.7264150943396226
0.6000000000000001,0.7000000000000001,17,0.6309535503387451,0.8823529411764706
0.7000000000000001,0.8,1,0.701084315776825,1.0
